job_id,date,region,client_type,product_line,material,control_type,sensor_pack,filtration_rating_micron,oil_type,oil_change_interval_hours,test_pressure_bar,test_duration_min,efficiency_pct,energy_used_kwh,heat_loss_kwh,leak_rate_ml_min,spill_incident,warranty_return,parts_cost_usd,labor_hours,labor_cost_usd,total_cost_usd,co2_kg,turnaround_days
JOB2000,2025-03-01,US,Fleet,Standard Cylinder,Steel,On/Off,None,10,Biodegradable,1350,169.13695984802854,62,55.8,5.49,2.43,2.94,0,0,371.98,2.9,158.73,530.71,2.2,11
JOB2001,2025-03-02,India,OEM,Standard Cylinder,Steel,On/Off,None,10,Biodegradable,1354,155.80919754281592,61,55.1,4.96,2.23,3.48,0,0,541.75,5.2,182.27,724.02,4.07,8
JOB2002,2025-03-03,EU,Fleet,Heavy-Duty Cylinder,Aluminum,Servo,None,25,Biodegradable,1286,118.92015626783791,42,61.7,2.84,1.09,4.51,0,1,576.26,8.4,462.83,1039.09,0.71,9
JOB2003,2025-03-04,India,Fleet,Telescopic Cylinder,Composite,On/Off,None,10,Petroleum,968,192.88691706828487,71,58.9,9.67,3.97,2.18,0,0,113.35,3.4,119.81,233.15,7.93,3
JOB2004,2025-03-05,SE Asia,Fleet,Heavy-Duty Cylinder,Steel,Proportional,IoT,7,Petroleum,1021,179.88911877502474,65,63.3,9.39,3.44,3.01,0,0,520.2,1.0,35.0,555.2,6.1,6
JOB2005,2025-03-06,US,Fleet,Standard Cylinder,Steel,On/Off,IoT,7,Petroleum,1026,150.69189237365023,67,62.6,4.61,1.72,3.39,0,0,437.46,6.1,336.6,774.07,1.84,6
JOB2006,2025-03-07,India,Fleet,Heavy-Duty Cylinder,Steel,Servo,None,7,Biodegradable,1376,231.51718497079935,56,66.3,7.91,2.66,1.7,0,0,191.55,3.0,103.58,295.13,6.49,9
JOB2007,2025-03-08,US,Fleet,Standard Cylinder,Aluminum,On/Off,None,15,Petroleum,837,210.70874504686765,55,58.2,5.94,2.48,3.49,0,0,577.22,3.3,182.38,759.6,2.38,8
JOB2008,2025-03-09,India,Dealer,Standard Cylinder,Steel,On/Off,None,15,Petroleum,740,121.07965234248846,56,58.7,3.61,1.49,4.03,0,0,451.53,5.7,197.92,649.45,2.96,8
JOB2009,2025-03-10,SE Asia,Dealer,Heavy-Duty Cylinder,Aluminum,Servo,Basic,25,Petroleum,844,186.44599264551974,78,65.8,12.83,4.39,2.22,1,0,348.36,2.2,78.5,426.86,8.34,7
JOB2010,2025-03-11,US,OEM,Telescopic Cylinder,Aluminum,On/Off,Basic,7,Biodegradable,1374,158.52866211808117,63,59.9,5.05,2.02,2.56,0,0,480.08,2.6,144.15,624.24,2.02,13
JOB2011,2025-03-12,Middle East,OEM,Heavy-Duty Cylinder,Composite,Servo,Basic,10,Petroleum,921,181.5124067711644,47,62.7,6.66,2.48,3.92,0,0,150.28,8.2,287.35,437.63,3.66,11
JOB2012,2025-03-13,US,OEM,Telescopic Cylinder,Aluminum,Proportional,IoT,7,Petroleum,963,182.62466653385243,80,62.9,8.37,3.1,2.78,0,0,487.26,4.0,218.56,705.83,3.35,9
JOB2013,2025-03-14,EU,Fleet,Standard Cylinder,Aluminum,On/Off,IoT,22,Biodegradable,1235,169.84769546759745,81,61.9,5.77,2.2,3.47,0,0,160.75,7.6,418.88,579.63,1.44,10
JOB2014,2025-03-15,EU,Dealer,Standard Cylinder,Composite,On/Off,Basic,10,Biodegradable,1253,170.13872085545728,61,55.1,6.31,2.84,3.0,0,0,436.04,6.1,334.59,770.64,1.58,9
JOB2015,2025-03-16,India,OEM,Standard Cylinder,Aluminum,Proportional,Basic,10,Petroleum,938,228.00178566887303,49,61.6,5.03,1.93,1.52,0,0,455.29,1.5,52.0,507.29,4.12,6
JOB2016,2025-03-17,India,OEM,Heavy-Duty Cylinder,Steel,On/Off,IoT,7,Biodegradable,1312,210.07747722270517,63,62.5,8.32,3.12,3.79,0,0,259.23,3.1,108.59,367.83,6.82,3
JOB2017,2025-03-18,US,OEM,Standard Cylinder,Steel,On/Off,Basic,25,Petroleum,797,155.247900807167,64,57.9,5.92,2.5,3.52,0,0,301.54,6.7,367.86,669.4,2.37,7
JOB2018,2025-03-19,EU,OEM,Telescopic Cylinder,Steel,Servo,Basic,15,Petroleum,794,228.9780033725366,52,68.1,6.47,2.06,3.19,0,0,290.76,4.8,262.15,552.91,1.62,8
JOB2019,2025-03-20,EU,Fleet,Standard Cylinder,Steel,On/Off,None,7,Biodegradable,1416,199.17161860081745,59,55.4,5.07,2.26,2.04,0,0,367.59,3.9,214.97,582.57,1.27,7
JOB2020,2025-03-21,Middle East,Fleet,Standard Cylinder,Steel,On/Off,IoT,12,Biodegradable,1197,172.87851761880796,70,62.5,7.22,2.71,2.89,0,0,121.3,1.0,35.0,156.3,3.97,4
JOB2021,2025-03-22,US,OEM,Heavy-Duty Cylinder,Steel,Servo,None,7,Petroleum,1112,184.89487765604332,23,60.2,3.05,1.21,1.81,0,0,152.45,2.9,161.38,313.83,1.22,8
JOB2022,2025-03-23,India,OEM,Standard Cylinder,Aluminum,Proportional,IoT,12,Petroleum,777,170.34906259059215,77,66.0,7.39,2.51,2.8,0,0,297.75,5.1,176.77,474.53,6.06,11
JOB2023,2025-03-24,US,Fleet,Standard Cylinder,Composite,On/Off,Basic,25,Biodegradable,1287,188.0130530533993,35,60.9,3.51,1.37,3.69,0,0,485.17,2.9,159.01,644.18,1.4,7
JOB2024,2025-03-25,US,OEM,Heavy-Duty Cylinder,Steel,On/Off,Basic,10,Biodegradable,1356,198.25351330103936,46,56.8,6.68,2.88,2.67,0,0,196.16,5.8,317.2,513.36,2.67,5
JOB2025,2025-03-26,US,OEM,Standard Cylinder,Steel,On/Off,IoT,7,Petroleum,1132,168.93342074457127,71,61.9,5.31,2.02,4.06,0,0,389.18,9.5,522.88,912.06,2.12,5
JOB2026,2025-03-27,EU,Fleet,Standard Cylinder,Steel,Proportional,Basic,10,Petroleum,996,157.52394404431865,93,61.8,7.91,3.02,2.32,0,0,91.45,4.5,249.93,341.38,1.98,5
JOB2027,2025-03-28,EU,OEM,Standard Cylinder,Steel,Servo,Basic,7,Petroleum,1029,213.89627500039387,66,66.0,5.72,1.95,2.36,0,0,541.66,4.9,267.46,809.12,1.43,6
JOB2028,2025-03-29,US,Fleet,Standard Cylinder,Composite,Proportional,None,15,Petroleum,799,180.84335707397025,72,60.2,6.94,2.76,2.86,0,0,325.58,6.6,364.86,690.43,2.78,9
JOB2029,2025-03-30,US,OEM,Heavy-Duty Cylinder,Aluminum,Proportional,Basic,15,Petroleum,794,206.47541109910517,49,64.8,6.61,2.33,2.53,0,0,314.84,8.3,455.35,770.18,2.64,7
JOB2030,2025-03-31,India,Dealer,Standard Cylinder,Aluminum,On/Off,Basic,10,Petroleum,967,173.84191581102374,65,62.5,4.43,1.66,3.2,0,0,154.81,1.6,55.52,210.33,3.63,10
JOB2031,2025-04-01,US,OEM,Standard Cylinder,Composite,Proportional,IoT,7,Petroleum,1053,205.07883018503776,52,68.7,5.01,1.57,2.5,0,0,452.06,3.9,213.66,665.71,2.0,9
JOB2032,2025-04-02,US,Fleet,Heavy-Duty Cylinder,Aluminum,Servo,Basic,10,Biodegradable,1433,207.23133370724977,38,62.2,6.03,2.28,1.71,0,0,485.41,3.5,193.03,678.44,2.41,3
JOB2033,2025-04-03,US,Fleet,Telescopic Cylinder,Composite,Proportional,Basic,15,Biodegradable,1196,144.8474955894061,78,60.4,5.65,2.23,3.17,0,0,531.38,4.8,262.75,794.13,2.26,9
JOB2034,2025-04-04,US,OEM,Standard Cylinder,Steel,Proportional,IoT,12,Biodegradable,1249,181.43273406150078,36,65.3,3.81,1.32,3.1,1,0,165.19,6.0,332.52,497.71,1.52,16
JOB2035,2025-04-05,India,OEM,Heavy-Duty Cylinder,Steel,On/Off,Basic,10,Biodegradable,1389,188.87181994841706,77,60.3,12.31,4.89,2.67,0,0,472.13,4.5,155.97,628.1,10.09,9
JOB2036,2025-04-06,India,OEM,Heavy-Duty Cylinder,Aluminum,Proportional,IoT,12,Petroleum,903,177.9367066145802,84,64.9,11.92,4.18,1.76,0,0,399.96,7.2,251.47,651.43,9.77,11
JOB2037,2025-04-07,India,OEM,Standard Cylinder,Steel,Proportional,None,7,Petroleum,967,139.7896587049152,80,60.0,6.3,2.52,3.57,0,0,513.46,6.4,222.72,736.18,5.17,3
JOB2038,2025-04-08,India,OEM,Standard Cylinder,Steel,Proportional,IoT,7,Biodegradable,1343,188.30569191894273,41,63.6,3.68,1.34,1.94,0,0,359.03,3.4,120.61,479.64,3.02,7
JOB2039,2025-04-09,SE Asia,OEM,Heavy-Duty Cylinder,Steel,On/Off,None,15,Petroleum,815,186.48447877127964,74,56.0,11.38,5.0,4.64,0,0,547.1,5.9,207.01,754.11,7.4,9
JOB2040,2025-04-10,SE Asia,OEM,Heavy-Duty Cylinder,Aluminum,Servo,None,25,Biodegradable,1197,180.2305828506097,38,64.2,4.65,1.66,2.7,0,0,529.77,4.0,140.02,669.79,3.02,6
JOB2041,2025-04-11,US,OEM,Heavy-Duty Cylinder,Steel,On/Off,None,10,Petroleum,1145,201.62749119123072,72,57.2,9.77,4.19,3.74,0,1,555.46,5.3,291.56,847.02,3.91,6
JOB2042,2025-04-12,Middle East,OEM,Heavy-Duty Cylinder,Steel,On/Off,Basic,10,Petroleum,950,152.18376714308167,61,54.8,5.8,2.62,3.68,0,0,375.81,3.1,107.36,483.16,3.19,5
JOB2043,2025-04-13,India,Fleet,Standard Cylinder,Steel,Servo,IoT,7,Petroleum,1071,180.1827753806658,71,65.8,6.7,2.29,3.41,0,0,204.49,4.2,148.03,352.52,5.49,6
JOB2044,2025-04-14,India,OEM,Standard Cylinder,Steel,Proportional,Basic,10,Petroleum,929,178.23171221484148,65,59.9,4.45,1.79,1.87,1,0,295.3,5.3,185.34,480.64,3.65,3
JOB2045,2025-04-15,India,Fleet,Heavy-Duty Cylinder,Aluminum,Proportional,IoT,22,Petroleum,823,219.27200646926718,45,64.1,7.44,2.67,1.72,0,1,121.65,7.0,244.0,365.65,6.1,6
JOB2046,2025-04-16,India,OEM,Heavy-Duty Cylinder,Aluminum,On/Off,None,15,Petroleum,844,223.9745166828569,75,51.9,11.64,5.6,3.68,0,1,176.67,7.9,277.84,454.51,9.54,5
JOB2047,2025-04-17,US,Dealer,Standard Cylinder,Steel,Proportional,None,10,Biodegradable,1375,172.60054036848268,62,59.1,4.59,1.88,2.12,0,0,249.81,4.6,252.54,502.35,1.84,10
JOB2048,2025-04-18,US,OEM,Heavy-Duty Cylinder,Aluminum,Servo,None,15,Petroleum,751,217.22389400227536,41,65.1,7.14,2.5,4.26,0,0,246.69,4.2,232.1,478.79,2.86,5
JOB2049,2025-04-19,India,OEM,Heavy-Duty Cylinder,Steel,Proportional,None,15,Petroleum,828,177.30689171837093,61,61.1,7.23,2.81,3.23,0,0,545.13,4.1,144.31,689.43,5.93,7
JOB2050,2025-04-20,US,Fleet,Standard Cylinder,Steel,On/Off,Basic,10,Petroleum,987,198.10532563450025,68,54.3,5.02,2.29,3.9,0,0,401.64,5.7,315.34,716.99,2.01,4
JOB2051,2025-04-21,US,Fleet,Standard Cylinder,Steel,Servo,None,25,Petroleum,848,175.2404014316929,52,61.7,3.84,1.47,4.08,1,0,440.05,5.1,281.15,721.2,1.54,9
JOB2052,2025-04-22,India,OEM,Heavy-Duty Cylinder,Steel,On/Off,Basic,10,Petroleum,914,193.58036324796515,39,54.8,6.61,2.99,2.96,0,1,546.72,1.3,46.27,592.98,5.42,8
JOB2053,2025-04-23,US,OEM,Standard Cylinder,Steel,Proportional,Basic,7,Petroleum,998,143.0895538400314,58,59.6,5.13,2.07,3.49,0,0,110.3,4.4,241.98,352.29,2.05,10
JOB2054,2025-04-24,India,Fleet,Standard Cylinder,Steel,On/Off,None,15,Biodegradable,1248,165.45738658050888,55,58.6,3.56,1.47,3.88,0,0,525.71,8.2,285.54,811.25,2.92,5
JOB2055,2025-04-25,EU,OEM,Heavy-Duty Cylinder,Composite,On/Off,None,10,Petroleum,928,184.78301275835338,61,59.4,9.04,3.67,2.7,0,0,90.02,6.7,369.36,459.38,2.26,3
JOB2056,2025-04-26,US,OEM,Standard Cylinder,Aluminum,On/Off,None,25,Petroleum,816,157.42914795896812,62,57.7,4.84,2.05,3.5,1,0,560.33,5.5,303.08,863.41,1.94,3
JOB2057,2025-04-27,India,OEM,Standard Cylinder,Steel,On/Off,IoT,22,Biodegradable,1202,145.644088305707,43,61.9,3.0,1.14,3.88,0,0,267.43,4.7,165.64,433.08,2.46,10
JOB2058,2025-04-28,US,OEM,Telescopic Cylinder,Aluminum,Servo,Basic,7,Petroleum,1076,200.1705757330215,53,66.9,8.13,2.69,1.76,0,0,424.71,3.5,195.06,619.77,3.25,10
JOB2059,2025-04-29,US,Fleet,Standard Cylinder,Steel,Proportional,None,15,Petroleum,814,186.15572474554713,54,63.0,4.6,1.7,4.05,0,0,384.0,1.1,57.8,441.8,1.84,10
JOB2060,2025-04-30,India,OEM,Heavy-Duty Cylinder,Steel,Proportional,None,10,Biodegradable,1391,154.88812958330652,55,59.4,6.8,2.76,2.28,1,0,408.38,7.5,263.94,672.32,5.58,6
JOB2061,2025-05-01,US,Fleet,Telescopic Cylinder,Steel,Servo,None,10,Petroleum,1069,202.46564730640068,72,59.0,9.27,3.8,3.21,0,0,422.07,2.9,157.79,579.86,3.71,6
JOB2062,2025-05-02,EU,OEM,Standard Cylinder,Aluminum,Proportional,None,15,Petroleum,685,138.8525486123496,62,60.2,3.51,1.4,1.4,0,0,596.27,4.6,251.71,847.98,0.88,8
JOB2063,2025-05-03,India,OEM,Heavy-Duty Cylinder,Steel,Proportional,None,15,Petroleum,834,149.73207165287843,52,60.1,5.15,2.06,3.62,0,0,551.89,3.8,132.28,684.17,4.22,10
JOB2064,2025-05-04,India,OEM,Standard Cylinder,Composite,Proportional,None,7,Biodegradable,1318,187.02225066611732,54,60.5,6.54,2.58,1.4,0,0,242.86,4.7,164.08,406.94,5.36,7
JOB2065,2025-05-05,India,OEM,Heavy-Duty Cylinder,Composite,On/Off,IoT,7,Biodegradable,1487,205.15627970525944,60,67.6,7.79,2.52,3.51,0,0,371.39,5.9,208.15,579.54,6.39,9
JOB2066,2025-05-06,US,OEM,Standard Cylinder,Steel,On/Off,Basic,10,Biodegradable,1409,193.22748573253182,39,52.8,3.35,1.58,3.07,0,0,216.97,2.3,126.55,343.52,1.34,9
JOB2067,2025-05-07,EU,OEM,Telescopic Cylinder,Steel,Proportional,Basic,10,Biodegradable,1508,173.86954995723212,90,63.2,7.37,2.71,1.71,0,0,535.52,2.0,112.31,647.84,1.84,6
JOB2068,2025-05-08,US,Fleet,Heavy-Duty Cylinder,Aluminum,On/Off,None,15,Petroleum,750,197.98202247202065,47,54.8,5.38,2.43,3.73,1,1,106.25,2.0,109.32,215.57,2.15,8
JOB2069,2025-05-09,US,OEM,Standard Cylinder,Steel,On/Off,Basic,15,Petroleum,767,131.82139268143527,39,56.8,3.02,1.3,4.93,0,0,537.44,7.3,402.73,940.17,1.21,5
JOB2070,2025-05-10,EU,Fleet,Heavy-Duty Cylinder,Aluminum,On/Off,Basic,25,Petroleum,786,212.10682231712966,105,60.0,18.44,7.37,3.96,0,0,162.93,2.7,147.02,309.95,4.61,6
JOB2071,2025-05-11,US,Fleet,Standard Cylinder,Steel,On/Off,Basic,15,Biodegradable,1206,209.73244962596834,71,59.4,7.05,2.86,3.16,0,0,227.99,5.3,289.43,517.42,2.82,12
JOB2072,2025-05-12,India,Fleet,Standard Cylinder,Steel,On/Off,Basic,15,Petroleum,851,173.96400582345103,63,61.9,4.82,1.83,3.55,0,0,355.12,3.2,113.56,468.68,3.95,9
JOB2073,2025-05-13,EU,OEM,Heavy-Duty Cylinder,Composite,On/Off,Basic,10,Petroleum,944,240.80747905996685,63,61.1,12.24,4.76,2.57,0,0,347.05,3.5,193.97,541.02,3.06,6
JOB2074,2025-05-14,US,OEM,Standard Cylinder,Steel,Servo,Basic,25,Petroleum,856,181.34494006111908,60,63.4,6.18,2.26,3.33,1,0,405.25,6.0,330.78,736.03,2.47,8
JOB2075,2025-05-15,EU,OEM,Standard Cylinder,Steel,On/Off,Basic,25,Petroleum,879,213.96054974487458,86,61.6,9.55,3.67,2.88,1,0,468.18,4.1,224.78,692.96,2.39,6
JOB2076,2025-05-16,US,OEM,Standard Cylinder,Steel,Servo,Basic,10,Petroleum,943,211.49770119395242,86,67.2,10.05,3.3,3.0,0,0,496.12,3.3,183.49,679.61,4.02,13
JOB2077,2025-05-17,EU,Fleet,Standard Cylinder,Steel,Servo,None,10,Petroleum,919,212.31268629290224,59,67.1,5.24,1.72,2.88,1,0,178.74,3.6,199.5,378.24,1.31,3
JOB2078,2025-05-18,SE Asia,Dealer,Telescopic Cylinder,Composite,Servo,Basic,15,Biodegradable,1134,182.6331797387361,48,66.1,5.93,2.01,3.04,0,0,81.38,4.6,159.26,240.64,3.85,4
JOB2079,2025-05-19,India,Fleet,Telescopic Cylinder,Steel,Proportional,IoT,22,Petroleum,919,150.7163420576277,69,63.1,6.56,2.42,3.28,0,0,169.98,4.4,153.6,323.58,5.38,5
JOB2080,2025-05-20,US,OEM,Standard Cylinder,Composite,On/Off,IoT,22,Biodegradable,1204,207.87485811802284,79,63.8,10.37,3.75,4.38,0,0,382.65,4.7,259.75,642.4,4.15,12
JOB2081,2025-05-21,US,Fleet,Heavy-Duty Cylinder,Steel,On/Off,None,25,Petroleum,829,174.37241837525357,72,55.0,11.18,5.03,3.83,0,0,116.09,6.1,335.78,451.87,4.47,4
JOB2082,2025-05-22,India,OEM,Heavy-Duty Cylinder,Steel,On/Off,None,25,Petroleum,839,161.1291543101597,72,54.6,10.15,4.61,3.79,1,0,87.39,3.9,137.92,225.3,8.32,8
JOB2083,2025-05-23,India,OEM,Heavy-Duty Cylinder,Steel,Proportional,Basic,15,Petroleum,838,192.36340135748108,39,63.9,4.27,1.54,3.98,0,0,261.19,4.2,145.89,407.08,3.5,3
JOB2084,2025-05-24,India,Fleet,Standard Cylinder,Steel,Servo,IoT,7,Petroleum,965,186.464633150492,87,69.3,8.89,2.73,2.64,0,0,197.77,6.0,209.28,407.05,7.29,5
JOB2085,2025-05-25,US,OEM,Standard Cylinder,Steel,On/Off,None,15,Petroleum,821,113.98619707557044,72,57.9,4.01,1.69,4.73,0,0,528.68,4.3,233.93,762.61,1.6,3
JOB2086,2025-05-26,India,Fleet,Heavy-Duty Cylinder,Steel,Proportional,IoT,7,Petroleum,1007,244.24613365540125,52,63.9,11.37,4.11,2.99,0,0,454.06,6.2,218.68,672.74,9.32,9
JOB2087,2025-05-27,EU,OEM,Heavy-Duty Cylinder,Composite,Proportional,IoT,7,Biodegradable,1506,164.20459498796004,77,65.1,10.43,3.64,0.99,0,0,559.72,7.0,383.4,943.12,2.61,6
JOB2088,2025-05-28,US,Fleet,Heavy-Duty Cylinder,Aluminum,Servo,Basic,10,Petroleum,1033,181.75711314721403,44,64.3,4.17,1.49,2.17,0,0,290.72,7.4,408.23,698.95,1.67,9
JOB2089,2025-05-29,India,OEM,Heavy-Duty Cylinder,Steel,On/Off,Basic,10,Petroleum,971,229.5249375002144,68,58.8,13.57,5.59,3.73,0,0,340.09,3.0,103.55,443.63,11.13,7
JOB2090,2025-05-30,India,OEM,Heavy-Duty Cylinder,Steel,Proportional,Basic,15,Petroleum,767,171.1229746904829,73,62.8,10.18,3.78,3.95,0,0,264.3,5.7,197.98,462.28,8.35,4
JOB2091,2025-05-31,US,Fleet,Standard Cylinder,Steel,Proportional,IoT,7,Petroleum,985,191.77250679255746,50,63.8,4.58,1.66,1.67,0,0,441.0,3.2,175.2,616.19,1.83,11
JOB2092,2025-06-01,SE Asia,OEM,Telescopic Cylinder,Steel,Proportional,Basic,7,Biodegradable,1294,191.19327862671796,60,65.6,8.52,2.93,2.19,1,0,469.17,4.5,158.54,627.71,5.54,8
JOB2093,2025-06-02,US,Dealer,Standard Cylinder,Steel,Proportional,None,7,Petroleum,1141,191.01839482349095,48,61.7,3.99,1.53,1.61,1,0,286.54,7.1,390.73,677.27,1.6,8
JOB2094,2025-06-03,US,Fleet,Standard Cylinder,Aluminum,Proportional,None,10,Petroleum,980,184.07146930167391,83,60.3,6.97,2.77,1.98,0,0,440.72,6.2,339.3,780.02,2.79,5
JOB2095,2025-06-04,India,Fleet,Standard Cylinder,Steel,Servo,IoT,12,Biodegradable,1218,212.49287718159388,81,67.9,9.67,3.11,3.66,0,0,308.56,3.7,128.24,436.8,7.93,8
JOB2096,2025-06-05,EU,OEM,Heavy-Duty Cylinder,Composite,On/Off,Basic,10,Petroleum,990,216.76417043328425,54,57.5,9.65,4.1,3.51,0,0,517.29,7.9,436.09,953.38,2.41,9
JOB2097,2025-06-06,India,OEM,Telescopic Cylinder,Steel,Proportional,IoT,7,Biodegradable,1456,201.2643632269152,52,66.8,5.73,1.9,2.99,0,0,149.66,3.8,132.59,282.25,4.7,12
JOB2098,2025-06-07,EU,OEM,Standard Cylinder,Steel,On/Off,IoT,7,Petroleum,989,187.4397613740093,37,64.3,3.78,1.35,3.52,0,0,144.67,5.6,306.39,451.06,0.94,3
JOB2099,2025-06-08,US,Fleet,Standard Cylinder,Aluminum,On/Off,Basic,25,Biodegradable,1321,187.93825929381936,53,58.3,4.74,1.98,4.48,0,1,501.18,7.7,424.7,925.88,1.9,12
JOB2100,2025-06-09,Middle East,Fleet,Heavy-Duty Cylinder,Steel,On/Off,Basic,15,Petroleum,768,214.4907280114995,61,55.7,8.34,3.69,5.2,0,0,132.49,9.8,342.61,475.1,4.59,3
JOB2101,2025-06-10,India,Dealer,Standard Cylinder,Aluminum,On/Off,Basic,10,Petroleum,1012,209.02330231233356,46,64.5,5.51,1.96,2.73,0,0,346.32,4.8,169.28,515.6,4.52,5
JOB2102,2025-06-11,US,OEM,Standard Cylinder,Aluminum,On/Off,Basic,15,Petroleum,868,192.78373787425832,62,58.2,5.19,2.17,4.16,1,0,418.02,6.9,378.56,796.58,2.08,10
JOB2103,2025-06-12,US,Fleet,Heavy-Duty Cylinder,Aluminum,On/Off,None,10,Petroleum,921,223.5802514388479,54,57.2,7.08,3.03,3.51,0,0,224.8,3.6,200.5,425.3,2.83,6
JOB2104,2025-06-13,EU,Fleet,Heavy-Duty Cylinder,Aluminum,On/Off,IoT,7,Petroleum,979,252.3967364442605,37,61.2,6.05,2.35,3.83,1,0,590.27,4.7,260.36,850.64,1.51,11
JOB2105,2025-06-14,US,OEM,Standard Cylinder,Steel,Servo,Basic,10,Biodegradable,1460,149.0452149943445,81,62.9,6.07,2.25,2.6,0,0,406.93,7.9,434.14,841.06,2.43,7
JOB2106,2025-06-15,SE Asia,Dealer,Heavy-Duty Cylinder,Steel,On/Off,IoT,7,Petroleum,1053,152.39568770841205,62,59.7,7.89,3.18,3.95,0,0,451.58,5.1,177.03,628.6,5.13,9
JOB2107,2025-06-16,US,Dealer,Standard Cylinder,Aluminum,On/Off,IoT,22,Petroleum,842,152.22303030721935,69,67.3,5.56,1.82,3.04,0,0,368.53,6.0,329.23,697.76,2.22,6
JOB2108,2025-06-17,India,OEM,Standard Cylinder,Aluminum,On/Off,None,15,Petroleum,768,158.715686586025,61,59.2,4.74,1.94,2.73,1,0,98.06,2.7,96.05,194.11,3.89,6
JOB2109,2025-06-18,US,OEM,Standard Cylinder,Composite,On/Off,None,7,Petroleum,1020,130.46381015573957,67,58.1,4.74,1.98,2.5,0,1,304.29,9.2,507.31,811.6,1.9,4
JOB2110,2025-06-19,US,Fleet,Standard Cylinder,Aluminum,Proportional,IoT,22,Biodegradable,1180,162.2687323978539,88,63.6,5.63,2.05,2.97,0,0,393.91,4.3,234.97,628.88,2.25,7
JOB2111,2025-06-20,US,Fleet,Telescopic Cylinder,Aluminum,Servo,IoT,12,Petroleum,826,120.13398658978514,79,71.9,7.07,1.99,3.05,0,0,557.11,7.3,402.45,959.56,2.83,9
JOB2112,2025-06-21,India,Fleet,Telescopic Cylinder,Steel,Servo,Basic,15,Petroleum,815,167.75525029952107,51,67.8,6.35,2.05,2.86,0,0,171.73,5.6,197.71,369.44,5.21,3
JOB2113,2025-06-22,India,OEM,Standard Cylinder,Steel,Servo,Basic,15,Petroleum,731,186.24406329392403,66,63.8,7.76,2.81,2.59,0,0,195.99,1.8,64.56,260.55,6.36,4
JOB2114,2025-06-23,India,Dealer,Heavy-Duty Cylinder,Steel,On/Off,Basic,15,Petroleum,756,205.25972617559674,80,59.4,8.57,3.48,4.03,0,0,595.83,6.1,214.12,809.95,7.03,8
JOB2115,2025-06-24,EU,OEM,Standard Cylinder,Steel,Servo,Basic,10,Biodegradable,1394,188.66629852849212,69,64.8,6.84,2.41,2.61,0,0,100.72,5.7,314.52,415.24,1.71,10
JOB2116,2025-06-25,India,Fleet,Heavy-Duty Cylinder,Composite,Servo,Basic,15,Biodegradable,1209,189.09866318505524,63,65.6,8.52,2.93,2.65,0,0,277.92,5.8,201.55,479.47,6.99,6
JOB2117,2025-06-26,US,OEM,Heavy-Duty Cylinder,Aluminum,Proportional,IoT,7,Petroleum,982,163.77287133708873,64,68.4,6.88,2.17,1.9,0,0,451.6,3.7,205.03,656.63,2.75,8
JOB2118,2025-06-27,India,OEM,Heavy-Duty Cylinder,Steel,On/Off,None,15,Petroleum,793,196.4364382129297,66,57.3,9.23,3.94,2.81,0,0,388.54,6.2,218.52,607.06,7.57,12
JOB2119,2025-06-28,EU,OEM,Telescopic Cylinder,Steel,Proportional,Basic,15,Petroleum,870,131.69748419613438,62,62.6,4.55,1.7,3.22,0,0,101.41,3.5,193.66,295.06,1.14,12
JOB2120,2025-06-29,India,OEM,Heavy-Duty Cylinder,Steel,On/Off,None,25,Petroleum,797,210.552456494164,49,56.9,9.05,3.9,4.49,1,0,445.8,4.4,152.27,598.07,7.42,7
JOB2121,2025-06-30,US,Fleet,Standard Cylinder,Composite,On/Off,IoT,22,Biodegradable,1140,159.29726624235246,61,62.6,6.04,2.26,3.38,0,0,401.9,8.6,470.56,872.47,2.42,8
JOB2122,2025-07-01,India,OEM,Standard Cylinder,Steel,On/Off,Basic,10,Petroleum,987,164.7684449550102,28,56.7,2.92,1.26,2.85,1,1,179.71,5.9,205.14,384.86,2.39,6
JOB2123,2025-07-02,US,Fleet,Standard Cylinder,Aluminum,Proportional,None,7,Petroleum,1087,175.72163238455843,36,62.3,4.04,1.52,1.72,0,0,477.91,2.9,160.54,638.44,1.62,11
JOB2124,2025-07-03,India,OEM,Standard Cylinder,Steel,On/Off,Basic,10,Biodegradable,1307,204.87881237221313,81,58.5,6.57,2.73,3.83,0,0,579.75,1.8,64.42,644.17,5.39,13
JOB2125,2025-07-04,India,OEM,Heavy-Duty Cylinder,Steel,Proportional,None,15,Petroleum,873,149.2061920038693,30,59.9,2.58,1.03,3.81,0,0,341.98,4.9,170.64,512.62,2.12,12
JOB2126,2025-07-05,Middle East,Fleet,Heavy-Duty Cylinder,Aluminum,On/Off,Basic,10,Biodegradable,1413,219.15566144387162,55,60.8,9.38,3.68,2.51,0,0,437.87,6.3,221.68,659.54,5.16,10
JOB2127,2025-07-06,India,OEM,Standard Cylinder,Steel,On/Off,IoT,22,Petroleum,870,221.66827564061526,51,61.4,4.46,1.72,3.19,0,0,222.9,5.1,180.05,402.95,3.66,6
JOB2128,2025-07-07,India,OEM,Standard Cylinder,Steel,Proportional,None,7,Petroleum,883,185.8766125346862,75,60.0,6.66,2.66,2.79,0,0,317.86,3.4,117.49,435.35,5.46,3
JOB2129,2025-07-08,India,Fleet,Telescopic Cylinder,Steel,Servo,None,15,Petroleum,747,201.31018148723038,56,62.8,8.18,3.04,3.45,0,0,598.26,6.4,225.41,823.68,6.71,9
JOB2130,2025-07-09,US,OEM,Standard Cylinder,Steel,On/Off,None,25,Petroleum,833,151.72213348218557,60,50.0,4.15,2.08,2.96,0,0,531.5,4.1,224.82,756.32,1.66,8
JOB2131,2025-07-10,US,Dealer,Telescopic Cylinder,Composite,On/Off,IoT,7,Petroleum,1015,142.72430410062972,75,60.3,7.88,3.13,3.26,0,0,403.45,6.6,363.06,766.5,3.15,7
JOB2132,2025-07-11,EU,Fleet,Heavy-Duty Cylinder,Steel,Proportional,IoT,12,Petroleum,768,218.36230004090285,80,65.4,10.63,3.68,3.23,0,0,163.77,5.5,302.41,466.18,2.66,9
JOB2133,2025-07-12,US,OEM,Heavy-Duty Cylinder,Steel,Proportional,None,7,Petroleum,1052,177.1372126535036,48,59.0,6.84,2.81,2.18,1,0,178.34,2.9,158.78,337.13,2.74,3
JOB2134,2025-07-13,India,Fleet,Standard Cylinder,Steel,Servo,None,15,Petroleum,905,124.08425028550353,48,62.9,2.49,0.92,3.22,0,0,145.78,4.6,161.24,307.03,2.04,6
JOB2135,2025-07-14,US,OEM,Standard Cylinder,Aluminum,On/Off,None,15,Biodegradable,1183,170.7768387094588,81,59.8,6.26,2.52,2.89,0,0,322.1,7.6,417.17,739.27,2.5,7
JOB2136,2025-07-15,EU,OEM,Standard Cylinder,Aluminum,On/Off,Basic,15,Petroleum,711,179.61359458893818,86,59.4,8.81,3.58,4.49,0,1,532.01,4.3,235.58,767.59,2.2,10
JOB2137,2025-07-16,India,Fleet,Heavy-Duty Cylinder,Steel,Proportional,IoT,22,Petroleum,756,195.14997523885125,53,66.8,8.82,2.93,4.06,0,0,324.29,6.2,215.84,540.13,7.23,6
JOB2138,2025-07-17,US,Fleet,Heavy-Duty Cylinder,Steel,On/Off,None,25,Biodegradable,1159,175.39585076344144,70,55.9,8.67,3.82,3.9,0,1,81.35,4.1,226.7,308.05,3.47,4
JOB2139,2025-07-18,US,Dealer,Heavy-Duty Cylinder,Aluminum,On/Off,None,7,Biodegradable,1478,200.30539591636995,59,59.8,6.65,2.67,2.69,0,0,471.18,1.2,67.6,538.78,2.66,5
JOB2140,2025-07-19,India,OEM,Heavy-Duty Cylinder,Steel,On/Off,Basic,10,Petroleum,955,187.03210617133624,64,57.7,10.65,4.5,2.01,0,0,343.29,3.3,114.88,458.17,8.73,9
JOB2141,2025-07-20,India,OEM,Telescopic Cylinder,Steel,Proportional,None,10,Petroleum,955,177.89700182330157,60,61.0,6.81,2.66,2.55,0,0,426.08,5.2,183.27,609.35,5.58,5
JOB2142,2025-07-21,US,OEM,Telescopic Cylinder,Steel,Servo,None,25,Petroleum,860,185.3293111977986,37,63.4,4.22,1.54,3.33,1,0,369.91,3.1,169.59,539.5,1.69,6
JOB2143,2025-07-22,India,Fleet,Standard Cylinder,Composite,On/Off,Basic,15,Petroleum,771,198.2118964174735,46,63.0,3.85,1.42,4.57,0,0,537.87,3.4,118.79,656.66,3.16,8
JOB2144,2025-07-23,India,Fleet,Heavy-Duty Cylinder,Steel,On/Off,None,10,Petroleum,985,162.64770675150078,54,56.4,6.67,2.91,3.0,0,1,242.03,5.8,204.39,446.41,5.47,4
JOB2145,2025-07-24,US,OEM,Standard Cylinder,Steel,On/Off,None,10,Biodegradable,1455,163.83847032754198,66,55.1,4.63,2.08,3.58,0,1,354.18,6.6,360.56,714.74,1.85,5
JOB2146,2025-07-25,India,Dealer,Telescopic Cylinder,Steel,Servo,None,10,Petroleum,965,203.97130285045046,70,59.4,9.6,3.9,2.42,0,0,375.84,2.4,85.29,461.12,7.87,6
JOB2147,2025-07-26,Middle East,OEM,Standard Cylinder,Composite,Proportional,Basic,10,Petroleum,1046,180.56049315085446,69,64.8,4.72,1.66,1.15,1,0,180.64,5.0,174.52,355.16,2.6,5
JOB2148,2025-07-27,EU,Dealer,Standard Cylinder,Aluminum,Proportional,IoT,7,Petroleum,959,187.64895353056548,83,67.6,6.25,2.03,1.99,0,0,302.57,5.9,325.43,628.0,1.56,9
JOB2149,2025-07-28,EU,OEM,Standard Cylinder,Steel,Servo,None,15,Biodegradable,1292,219.00464038687966,61,64.5,6.94,2.47,2.88,0,0,199.96,5.3,289.14,489.1,1.74,10
JOB2150,2025-07-29,India,OEM,Telescopic Cylinder,Steel,On/Off,Basic,15,Petroleum,827,201.24621275407824,56,57.4,6.07,2.58,4.07,0,1,249.53,1.4,50.66,300.2,4.98,9
JOB2151,2025-07-30,EU,Dealer,Standard Cylinder,Steel,Proportional,IoT,22,Petroleum,822,234.02551863556062,72,63.9,7.82,2.82,3.82,0,0,233.64,4.5,249.57,483.21,1.96,7
JOB2152,2025-07-31,EU,Fleet,Standard Cylinder,Steel,Proportional,Basic,25,Biodegradable,1221,136.55115847745992,70,61.4,4.81,1.86,2.45,0,0,420.28,9.0,496.73,917.01,1.2,4
JOB2153,2025-08-01,US,OEM,Standard Cylinder,Aluminum,On/Off,None,25,Petroleum,759,176.82104897907797,50,60.3,3.91,1.55,3.46,1,0,264.05,3.9,211.95,476.0,1.56,10
JOB2154,2025-08-02,US,OEM,Standard Cylinder,Steel,Servo,Basic,7,Biodegradable,1362,149.8039795013615,47,67.4,4.55,1.48,1.6,0,0,581.22,4.8,264.66,845.89,1.82,5
JOB2155,2025-08-03,EU,OEM,Heavy-Duty Cylinder,Steel,On/Off,None,15,Petroleum,791,209.94300721569607,39,55.8,5.12,2.26,3.71,0,0,589.04,1.8,98.32,687.36,1.28,6
JOB2156,2025-08-04,India,OEM,Standard Cylinder,Aluminum,On/Off,Basic,10,Biodegradable,1421,159.88965699120095,62,60.5,3.97,1.57,3.56,0,0,499.83,5.0,174.96,674.78,3.26,8
JOB2157,2025-08-05,US,OEM,Standard Cylinder,Steel,On/Off,Basic,7,Petroleum,1088,185.84496966380115,53,59.7,6.32,2.55,3.17,0,0,262.82,3.1,169.58,432.4,2.53,3
JOB2158,2025-08-06,US,OEM,Standard Cylinder,Aluminum,On/Off,Basic,7,Petroleum,997,237.26221260180608,68,59.9,7.98,3.2,2.94,0,0,295.35,4.2,228.97,524.32,3.19,11
JOB2159,2025-08-07,EU,OEM,Standard Cylinder,Steel,On/Off,Basic,15,Petroleum,803,109.41861658673916,82,56.1,4.21,1.85,5.07,1,1,483.62,5.2,288.18,771.8,1.05,8
JOB2160,2025-08-08,US,Fleet,Standard Cylinder,Aluminum,Servo,None,25,Petroleum,828,206.16663679334988,74,66.2,7.51,2.54,2.83,0,0,575.41,4.5,248.63,824.04,3.0,3
JOB2161,2025-08-09,US,Fleet,Heavy-Duty Cylinder,Composite,Proportional,Basic,15,Petroleum,840,190.2578401127793,49,62.5,7.29,2.73,3.5,1,0,299.6,3.2,174.78,474.37,2.92,3
JOB2162,2025-08-10,India,OEM,Heavy-Duty Cylinder,Composite,Proportional,None,10,Petroleum,982,156.06652208427235,32,58.1,3.84,1.61,1.12,0,0,464.84,3.9,135.76,600.6,3.15,8
JOB2163,2025-08-11,India,OEM,Heavy-Duty Cylinder,Steel,Proportional,Basic,10,Petroleum,1048,124.58342139429023,57,63.5,4.59,1.68,2.81,0,0,567.02,6.3,220.78,787.79,3.76,4
JOB2164,2025-08-12,US,Fleet,Heavy-Duty Cylinder,Composite,On/Off,Basic,10,Petroleum,1045,202.3685985151824,67,59.6,8.74,3.53,3.45,0,0,474.77,8.5,467.74,942.51,3.5,7
JOB2165,2025-08-13,Middle East,OEM,Heavy-Duty Cylinder,Steel,Proportional,IoT,7,Biodegradable,1399,182.78017218546276,56,66.1,6.66,2.26,3.54,0,0,329.64,3.3,115.55,445.19,3.66,9
JOB2166,2025-08-14,Middle East,OEM,Telescopic Cylinder,Steel,Proportional,IoT,7,Petroleum,949,162.38671155881258,70,67.2,7.17,2.35,2.3,1,0,328.07,4.1,142.51,470.58,3.94,12
JOB2167,2025-08-15,India,Fleet,Standard Cylinder,Steel,On/Off,IoT,7,Petroleum,952,186.43851001290372,49,62.3,3.7,1.4,3.51,1,0,562.62,5.0,173.64,736.25,3.03,7
JOB2168,2025-08-16,EU,OEM,Standard Cylinder,Steel,On/Off,Basic,7,Petroleum,916,193.05865945502987,48,58.0,4.68,1.96,3.94,0,0,552.0,4.3,237.7,789.7,1.17,10
JOB2169,2025-08-17,India,Fleet,Telescopic Cylinder,Composite,On/Off,None,7,Biodegradable,1434,157.68787180964816,87,58.9,8.4,3.45,2.67,0,0,339.31,5.9,206.96,546.27,6.89,13
JOB2170,2025-08-18,SE Asia,Fleet,Standard Cylinder,Steel,Servo,IoT,22,Biodegradable,1132,161.00454118459413,52,68.0,3.26,1.04,3.08,0,0,165.41,3.7,130.18,295.58,2.12,13
JOB2171,2025-08-19,US,Fleet,Standard Cylinder,Steel,On/Off,Basic,25,Petroleum,774,209.13987087828656,62,53.8,5.2,2.4,2.7,0,0,594.0,4.6,252.58,846.58,2.08,8
JOB2172,2025-08-20,US,Dealer,Telescopic Cylinder,Aluminum,Servo,None,25,Petroleum,854,232.21603278308663,56,63.3,7.97,2.93,2.22,0,1,340.82,3.8,211.32,552.14,3.19,9
JOB2173,2025-08-21,US,OEM,Heavy-Duty Cylinder,Steel,On/Off,Basic,15,Petroleum,809,176.6689542279114,77,59.5,9.45,3.83,5.06,0,0,297.36,1.8,101.54,398.89,3.78,9
JOB2174,2025-08-22,EU,Fleet,Telescopic Cylinder,Aluminum,On/Off,IoT,7,Biodegradable,1418,168.34616724820413,52,62.7,4.84,1.8,2.47,0,0,234.37,6.8,374.42,608.79,1.21,7
JOB2175,2025-08-23,US,Fleet,Standard Cylinder,Steel,On/Off,Basic,10,Petroleum,1014,183.71438776599973,63,59.2,5.03,2.05,3.05,0,0,268.43,3.1,168.38,436.81,2.01,7
JOB2176,2025-08-24,US,OEM,Standard Cylinder,Composite,On/Off,None,15,Petroleum,815,166.06918764342413,58,58.1,5.3,2.22,2.81,0,0,510.68,5.1,281.91,792.59,2.12,5
JOB2177,2025-08-25,Middle East,Fleet,Heavy-Duty Cylinder,Steel,Servo,Basic,15,Petroleum,863,213.01693420608137,54,65.6,9.96,3.43,3.78,0,0,156.07,5.6,195.19,351.27,5.48,3
JOB2178,2025-08-26,US,Dealer,Standard Cylinder,Steel,Proportional,Basic,7,Petroleum,1031,179.87309763620695,41,61.1,3.65,1.42,1.66,0,0,98.4,5.8,318.7,417.1,1.46,6
JOB2179,2025-08-27,US,Fleet,Standard Cylinder,Steel,Servo,Basic,25,Biodegradable,1187,198.61705322073587,73,62.5,6.82,2.56,2.44,0,0,239.74,2.5,139.36,379.1,2.73,9
JOB2180,2025-08-28,US,Fleet,Telescopic Cylinder,Aluminum,On/Off,IoT,7,Petroleum,884,202.89852096707472,60,63.1,7.71,2.85,2.34,0,0,420.53,5.4,296.49,717.02,3.08,11
JOB2181,2025-08-29,India,OEM,Telescopic Cylinder,Steel,Servo,Basic,15,Biodegradable,1074,136.93766949242016,40,62.0,4.26,1.62,3.14,0,0,181.44,6.5,227.66,409.1,3.49,6
JOB2182,2025-08-30,US,OEM,Standard Cylinder,Steel,Proportional,None,7,Petroleum,921,174.83702073107804,49,61.4,4.81,1.86,1.02,0,0,554.45,3.8,208.47,762.92,1.92,7
JOB2183,2025-08-31,US,OEM,Standard Cylinder,Aluminum,On/Off,None,7,Biodegradable,1380,234.08885748795507,68,53.7,7.15,3.31,2.66,0,0,364.69,4.3,235.99,600.68,2.86,3
JOB2184,2025-09-01,US,Fleet,Standard Cylinder,Steel,Servo,None,7,Biodegradable,1440,167.9344245377962,42,63.5,3.91,1.43,2.87,0,0,314.2,5.8,318.99,633.19,1.56,6
JOB2185,2025-09-02,EU,Fleet,Heavy-Duty Cylinder,Steel,On/Off,None,25,Petroleum,786,231.4379361965281,52,54.4,8.15,3.71,4.33,0,0,223.11,2.1,115.24,338.35,2.04,9
JOB2186,2025-09-03,India,OEM,Standard Cylinder,Steel,On/Off,IoT,7,Petroleum,902,197.23534836923506,54,59.0,3.99,1.64,2.66,0,0,281.44,3.1,109.3,390.74,3.27,7
JOB2187,2025-09-04,India,OEM,Standard Cylinder,Composite,Proportional,Basic,10,Biodegradable,1342,178.0807019056432,76,62.0,8.37,3.18,1.61,1,0,393.02,3.9,137.3,530.32,6.86,3
JOB2188,2025-09-05,US,Fleet,Telescopic Cylinder,Steel,On/Off,IoT,12,Petroleum,867,219.11241345065363,45,63.0,4.79,1.77,3.7,0,0,561.93,3.4,186.94,748.87,1.92,9
JOB2189,2025-09-06,EU,OEM,Standard Cylinder,Steel,Servo,None,15,Biodegradable,1239,237.07862849127386,64,63.5,7.54,2.75,2.52,1,0,332.19,7.3,402.65,734.84,1.89,6
JOB2190,2025-09-07,India,Dealer,Standard Cylinder,Steel,Proportional,IoT,22,Biodegradable,1196,196.23469919909041,72,64.3,6.04,2.15,2.94,1,0,472.99,4.3,150.43,623.42,4.95,5
JOB2191,2025-09-08,US,Dealer,Standard Cylinder,Composite,Proportional,None,15,Biodegradable,1111,163.23770886937544,75,60.7,7.7,3.03,3.69,0,0,231.6,2.8,151.77,383.37,3.08,8
JOB2192,2025-09-09,EU,Dealer,Heavy-Duty Cylinder,Steel,Servo,Basic,15,Biodegradable,1224,164.56296674995235,54,65.3,5.8,2.01,2.35,0,0,584.04,10.2,561.34,1145.38,1.45,5
JOB2193,2025-09-10,India,OEM,Standard Cylinder,Steel,Proportional,None,10,Petroleum,1012,223.24788450220944,74,61.1,6.87,2.67,2.93,0,0,92.78,7.7,270.85,363.63,5.63,12
JOB2194,2025-09-11,US,OEM,Standard Cylinder,Composite,Servo,IoT,7,Petroleum,966,158.82771257265586,75,71.7,6.44,1.82,2.03,0,0,439.25,4.9,267.36,706.61,2.58,5
JOB2195,2025-09-12,India,OEM,Telescopic Cylinder,Steel,On/Off,Basic,15,Petroleum,783,180.22029086272542,43,55.9,4.06,1.79,4.51,0,0,116.58,6.1,212.99,329.57,3.33,12
JOB2196,2025-09-13,India,Dealer,Telescopic Cylinder,Steel,On/Off,IoT,22,Petroleum,668,198.93666936563474,46,58.2,5.53,2.31,4.27,1,1,237.98,1.7,58.87,296.85,4.53,14
JOB2197,2025-09-14,India,OEM,Standard Cylinder,Composite,Proportional,Basic,15,Petroleum,760,222.72701375741042,61,63.4,5.81,2.13,2.77,0,0,91.45,1.0,35.0,126.45,4.76,7
JOB2198,2025-09-15,US,Dealer,Standard Cylinder,Aluminum,On/Off,IoT,7,Petroleum,1004,173.34907915561578,70,59.4,6.93,2.81,2.75,0,0,515.35,5.7,316.22,831.58,2.77,8
JOB2199,2025-09-16,India,OEM,Standard Cylinder,Composite,Servo,IoT,12,Biodegradable,1307,156.6320859960872,54,63.6,4.75,1.73,3.03,0,0,495.61,4.3,151.67,647.28,3.89,11
JOB2200,2025-09-17,US,OEM,Standard Cylinder,Steel,Proportional,Basic,15,Petroleum,770,122.20286904765908,82,60.4,5.1,2.02,2.37,0,1,358.11,9.5,519.98,878.09,2.04,3
JOB2201,2025-09-18,US,Fleet,Heavy-Duty Cylinder,Composite,On/Off,IoT,12,Petroleum,851,193.58421578976956,43,63.5,5.91,2.16,2.86,1,0,130.61,2.4,134.24,264.84,2.36,4
JOB2202,2025-09-19,US,Fleet,Standard Cylinder,Aluminum,Proportional,None,15,Petroleum,866,124.8202491876902,64,60.5,3.72,1.47,2.56,0,0,285.96,6.4,352.87,638.83,1.49,9
JOB2203,2025-09-20,US,OEM,Heavy-Duty Cylinder,Steel,On/Off,Basic,15,Petroleum,829,193.02883492705413,63,58.2,10.05,4.2,4.64,0,0,91.51,2.1,114.35,205.86,4.02,9
JOB2204,2025-09-21,US,OEM,Standard Cylinder,Composite,Proportional,Basic,7,Biodegradable,1345,194.09776830072101,32,61.6,2.33,0.9,2.05,0,1,84.93,6.2,339.92,424.85,0.93,13
JOB2205,2025-09-22,US,Fleet,Standard Cylinder,Steel,On/Off,None,7,Petroleum,1080,249.88395624500652,79,57.0,12.38,5.33,2.91,0,0,142.41,4.9,267.46,409.87,4.95,12
JOB2206,2025-09-23,India,OEM,Standard Cylinder,Steel,On/Off,None,7,Biodegradable,1457,198.3007666619598,80,53.0,8.92,4.19,3.72,0,0,420.57,4.6,160.54,581.1,7.31,9
JOB2207,2025-09-24,US,Fleet,Standard Cylinder,Steel,Servo,Basic,25,Petroleum,892,163.10775645718752,40,65.8,3.69,1.26,3.6,0,0,336.21,3.1,169.1,505.32,1.48,9
JOB2208,2025-09-25,India,Fleet,Heavy-Duty Cylinder,Aluminum,On/Off,None,10,Petroleum,880,173.8315071793974,61,54.5,7.53,3.42,1.8,0,0,148.87,6.0,210.86,359.73,6.17,6
JOB2209,2025-09-26,US,OEM,Standard Cylinder,Aluminum,Proportional,None,10,Biodegradable,1443,129.6200353394953,62,62.9,4.03,1.5,1.58,0,0,321.95,1.1,59.32,381.27,1.61,5
JOB2210,2025-09-27,US,OEM,Heavy-Duty Cylinder,Steel,Servo,Basic,25,Biodegradable,1234,234.26206148927457,56,65.3,8.45,2.93,3.11,0,0,291.01,7.7,424.23,715.24,3.38,5
JOB2211,2025-09-28,SE Asia,OEM,Telescopic Cylinder,Composite,Proportional,Basic,10,Petroleum,1050,174.50029569045068,61,61.2,6.95,2.7,1.9,0,0,438.66,6.4,223.67,662.33,4.52,9
JOB2212,2025-09-29,India,OEM,Heavy-Duty Cylinder,Steel,On/Off,Basic,15,Petroleum,859,180.1377557728866,66,52.8,9.84,4.65,3.86,0,0,434.95,7.0,244.16,679.1,8.07,8
JOB2213,2025-09-30,Middle East,OEM,Heavy-Duty Cylinder,Steel,Servo,IoT,22,Biodegradable,1201,176.73796029466192,65,70.1,7.46,2.23,1.99,0,1,237.78,4.2,147.47,385.24,4.1,6
JOB2214,2025-10-01,US,OEM,Standard Cylinder,Steel,Proportional,Basic,10,Biodegradable,1400,192.08946608802742,83,62.5,7.89,2.96,2.97,1,1,351.61,8.0,441.8,793.41,3.16,6
JOB2215,2025-10-02,US,Fleet,Standard Cylinder,Steel,On/Off,IoT,7,Petroleum,942,157.81456662761542,65,59.3,6.6,2.68,3.85,0,0,190.1,5.8,318.95,509.05,2.64,7
JOB2216,2025-10-03,India,Fleet,Heavy-Duty Cylinder,Aluminum,On/Off,Basic,7,Petroleum,1120,203.5059531340562,73,61.3,9.44,3.65,2.75,0,1,144.68,5.0,174.59,319.27,7.74,11
JOB2217,2025-10-04,US,OEM,Heavy-Duty Cylinder,Composite,On/Off,Basic,25,Biodegradable,1165,205.34591052408211,54,62.2,8.48,3.2,3.08,1,0,275.19,4.3,234.83,510.02,3.39,9
JOB2218,2025-10-05,US,Dealer,Heavy-Duty Cylinder,Steel,On/Off,None,15,Biodegradable,1165,180.97864727635644,44,59.4,6.3,2.56,3.34,0,0,387.64,2.7,150.4,538.04,2.52,3
JOB2219,2025-10-06,Middle East,Dealer,Heavy-Duty Cylinder,Steel,Proportional,Basic,15,Biodegradable,1206,173.3293463653766,50,63.9,4.54,1.64,4.08,0,0,327.56,2.3,80.6,408.16,2.5,8
JOB2220,2025-10-07,India,Fleet,Heavy-Duty Cylinder,Aluminum,On/Off,None,10,Petroleum,939,218.15915161799688,63,59.2,10.23,4.17,2.86,0,0,575.0,6.1,214.46,789.47,8.39,6
JOB2221,2025-10-08,Middle East,Fleet,Telescopic Cylinder,Aluminum,Proportional,Basic,25,Petroleum,739,165.46326575550867,36,62.3,3.89,1.47,2.85,0,0,491.41,2.9,100.45,591.87,2.14,7
JOB2222,2025-10-09,US,Fleet,Heavy-Duty Cylinder,Steel,Servo,IoT,7,Petroleum,955,180.84911108915506,59,67.1,5.57,1.83,1.87,0,0,569.13,7.2,396.03,965.16,2.23,5
JOB2223,2025-10-10,India,OEM,Telescopic Cylinder,Steel,On/Off,IoT,7,Petroleum,1039,218.94797795580905,81,61.9,10.58,4.03,2.7,0,0,110.54,3.9,137.68,248.23,8.68,3
JOB2224,2025-10-11,India,Fleet,Heavy-Duty Cylinder,Aluminum,Proportional,None,7,Biodegradable,1381,197.0302849785402,61,60.3,7.69,3.06,2.6,0,0,106.34,5.3,184.94,291.28,6.31,8
JOB2225,2025-10-12,EU,Fleet,Heavy-Duty Cylinder,Aluminum,On/Off,IoT,22,Petroleum,826,125.25112304781322,46,62.6,3.36,1.26,3.68,1,1,576.75,7.8,430.68,1007.44,0.84,9
JOB2226,2025-10-13,Middle East,OEM,Standard Cylinder,Steel,On/Off,None,10,Petroleum,1064,181.65408258668305,47,59.6,4.78,1.93,2.96,0,0,450.61,3.4,117.8,568.4,2.63,10
JOB2227,2025-10-14,US,OEM,Heavy-Duty Cylinder,Composite,On/Off,Basic,15,Petroleum,772,178.54232436323792,36,58.7,4.53,1.87,4.08,0,0,273.81,5.2,288.59,562.4,1.81,11
JOB2228,2025-10-15,US,OEM,Telescopic Cylinder,Steel,Proportional,Basic,10,Petroleum,1049,201.3046458314475,89,60.6,10.83,4.26,2.16,0,1,563.85,5.1,280.79,844.64,4.33,4
JOB2229,2025-10-16,India,OEM,Heavy-Duty Cylinder,Steel,Servo,Basic,10,Biodegradable,1418,179.4944282299944,77,66.9,7.81,2.59,2.11,0,0,581.67,5.6,195.2,776.87,6.4,9
JOB2230,2025-10-17,US,OEM,Standard Cylinder,Steel,Proportional,None,10,Petroleum,1022,188.11098196593858,60,61.6,5.91,2.27,2.18,0,0,451.43,4.7,256.03,707.47,2.36,13
JOB2231,2025-10-18,US,Fleet,Standard Cylinder,Steel,On/Off,None,10,Petroleum,1036,187.1734207613447,64,55.6,7.2,3.2,4.07,1,0,460.43,5.2,284.8,745.23,2.88,10
JOB2232,2025-10-19,EU,Fleet,Heavy-Duty Cylinder,Steel,Proportional,IoT,12,Biodegradable,1174,199.53423264704375,49,69.5,7.13,2.17,3.25,0,0,444.02,4.5,247.4,691.42,1.78,7
JOB2233,2025-10-20,EU,OEM,Telescopic Cylinder,Steel,Servo,Basic,7,Petroleum,994,164.86486484531463,68,67.6,6.27,2.03,2.96,1,0,499.93,3.6,195.51,695.44,1.57,10
JOB2234,2025-10-21,Middle East,OEM,Standard Cylinder,Steel,Servo,Basic,10,Petroleum,1076,170.24936771176874,52,66.2,4.89,1.65,3.16,0,0,362.53,7.1,247.65,610.18,2.69,13
JOB2235,2025-10-22,India,Fleet,Heavy-Duty Cylinder,Steel,On/Off,IoT,22,Biodegradable,1243,210.30643214667847,45,64.4,5.94,2.11,4.41,0,0,446.26,3.8,133.33,579.59,4.87,10
JOB2236,2025-10-23,EU,Fleet,Heavy-Duty Cylinder,Steel,Servo,Basic,25,Biodegradable,1228,246.19811263502578,78,63.7,14.19,5.15,3.59,0,1,92.53,6.1,334.25,426.77,3.55,9
JOB2237,2025-10-24,India,Fleet,Standard Cylinder,Steel,Proportional,None,25,Petroleum,715,138.55512218926265,37,62.3,3.28,1.24,3.09,0,0,221.9,3.6,126.73,348.63,2.69,8
JOB2238,2025-10-25,US,OEM,Telescopic Cylinder,Steel,Proportional,IoT,7,Petroleum,1074,152.41161493606836,52,65.8,5.4,1.85,2.27,0,1,408.84,5.9,325.01,733.85,2.16,9
JOB2239,2025-10-26,Middle East,OEM,Heavy-Duty Cylinder,Steel,Servo,IoT,12,Petroleum,824,132.71871457238188,52,67.5,4.41,1.43,3.46,0,0,220.65,5.8,202.81,423.46,2.43,6
JOB2240,2025-10-27,EU,Dealer,Heavy-Duty Cylinder,Aluminum,On/Off,IoT,12,Biodegradable,1204,187.93024645334478,51,61.2,7.57,2.93,2.92,0,1,470.27,3.4,185.52,655.78,1.89,11
JOB2241,2025-10-28,EU,OEM,Heavy-Duty Cylinder,Steel,On/Off,Basic,10,Petroleum,957,150.25406121143857,52,58.1,5.67,2.38,3.47,0,0,119.8,4.5,248.33,368.13,1.42,6
JOB2242,2025-10-29,US,Fleet,Standard Cylinder,Aluminum,On/Off,None,25,Petroleum,857,139.88363962024826,59,58.2,3.92,1.64,2.72,0,0,137.92,4.0,220.53,358.44,1.57,3
JOB2243,2025-10-30,US,Fleet,Heavy-Duty Cylinder,Aluminum,On/Off,IoT,7,Petroleum,946,177.9414288195452,68,64.3,9.21,3.29,3.08,0,0,597.33,8.6,471.27,1068.6,3.68,3
JOB2244,2025-10-31,EU,Fleet,Standard Cylinder,Steel,Servo,IoT,7,Biodegradable,1345,157.19098036672239,56,69.2,4.49,1.38,2.43,0,0,186.36,7.2,394.86,581.22,1.12,7
JOB2245,2025-11-01,EU,OEM,Heavy-Duty Cylinder,Composite,On/Off,Basic,7,Petroleum,994,164.34828204920404,33,56.6,3.43,1.49,3.22,1,0,475.75,6.9,380.98,856.73,0.86,9
JOB2246,2025-11-02,US,OEM,Standard Cylinder,Aluminum,On/Off,IoT,12,Petroleum,767,139.75769798031953,60,64.5,4.39,1.56,4.33,1,0,323.92,4.4,242.87,566.79,1.76,3
JOB2247,2025-11-03,India,OEM,Standard Cylinder,Aluminum,Proportional,None,15,Biodegradable,1249,124.33079131693358,69,63.3,4.66,1.71,3.77,0,0,159.53,6.0,209.9,369.43,3.82,11
JOB2248,2025-11-04,EU,OEM,Telescopic Cylinder,Steel,On/Off,Basic,7,Biodegradable,1444,203.59851312428347,56,62.7,7.15,2.67,3.45,0,0,223.33,3.4,186.0,409.33,1.79,6
JOB2249,2025-11-05,India,Fleet,Telescopic Cylinder,Aluminum,On/Off,IoT,22,Biodegradable,1270,186.983772748058,81,62.3,6.79,2.56,3.2,1,0,588.39,3.6,125.69,714.08,5.57,12
JOB2250,2025-11-06,India,OEM,Standard Cylinder,Steel,On/Off,Basic,10,Petroleum,1063,183.6869168338241,31,56.1,2.33,1.02,2.67,1,0,317.52,2.8,97.61,415.13,1.91,6
JOB2251,2025-11-07,US,OEM,Standard Cylinder,Aluminum,Proportional,IoT,7,Biodegradable,1414,172.74976847822967,21,62.9,2.23,0.83,1.81,0,0,570.32,5.6,305.58,875.9,0.89,8
JOB2252,2025-11-08,India,OEM,Standard Cylinder,Steel,On/Off,None,15,Petroleum,856,203.65547218088875,83,52.2,9.28,4.44,2.87,0,1,394.63,4.5,157.46,552.1,7.61,11
JOB2253,2025-11-09,US,Dealer,Standard Cylinder,Steel,Proportional,IoT,12,Petroleum,748,143.40801328969744,80,65.1,7.02,2.45,2.83,0,0,499.16,3.0,167.14,666.3,2.81,8
JOB2254,2025-11-10,US,OEM,Telescopic Cylinder,Steel,Proportional,None,25,Petroleum,693,154.90189285685113,68,59.1,5.25,2.15,3.69,0,0,555.13,3.7,202.02,757.16,2.1,10
JOB2255,2025-11-11,India,OEM,Standard Cylinder,Steel,Servo,None,15,Petroleum,766,212.8913424573017,23,64.7,2.73,0.96,4.19,1,0,401.0,3.4,119.48,520.48,2.24,15
JOB2256,2025-11-12,US,OEM,Heavy-Duty Cylinder,Steel,On/Off,Basic,10,Petroleum,1090,158.3618238366466,40,57.3,4.32,1.85,3.34,0,0,221.87,4.1,227.34,449.21,1.73,10
JOB2257,2025-11-13,India,Dealer,Heavy-Duty Cylinder,Steel,On/Off,IoT,12,Biodegradable,1114,105.44374927399257,89,58.1,5.21,2.18,3.31,0,0,498.58,2.1,72.79,571.37,4.27,10
JOB2258,2025-11-14,India,Fleet,Heavy-Duty Cylinder,Aluminum,Proportional,Basic,7,Petroleum,1019,224.52117306784467,53,65.7,7.78,2.67,1.29,1,0,228.98,7.8,273.92,502.9,6.38,5
JOB2259,2025-11-15,India,Fleet,Heavy-Duty Cylinder,Steel,On/Off,IoT,22,Petroleum,784,183.58727333393682,72,64.4,10.49,3.73,5.39,0,0,435.05,2.6,91.28,526.33,8.6,4
JOB2260,2025-11-16,US,OEM,Standard Cylinder,Aluminum,On/Off,Basic,10,Petroleum,1090,197.6515554927436,82,60.2,9.72,3.87,3.07,1,0,332.71,4.2,229.52,562.23,3.89,7
JOB2261,2025-11-17,India,Fleet,Standard Cylinder,Composite,Proportional,Basic,25,Petroleum,721,189.58279983506685,85,61.7,9.59,3.67,3.47,0,0,419.4,7.4,258.2,677.6,7.86,4
JOB2262,2025-11-18,EU,Fleet,Standard Cylinder,Aluminum,On/Off,Basic,7,Biodegradable,1420,223.61873944164162,46,62.4,4.11,1.55,2.6,0,0,91.37,3.8,207.97,299.34,1.03,10
JOB2263,2025-11-19,EU,OEM,Standard Cylinder,Steel,On/Off,Basic,7,Petroleum,988,144.82213001094925,41,58.1,3.5,1.47,4.5,0,0,261.87,4.0,221.33,483.2,0.88,7
JOB2264,2025-11-20,India,Fleet,Standard Cylinder,Steel,Servo,None,10,Biodegradable,1404,200.48119798438879,51,63.2,5.25,1.93,2.72,0,0,293.19,8.7,306.16,599.35,4.3,6
JOB2265,2025-11-21,EU,Dealer,Telescopic Cylinder,Steel,Proportional,Basic,15,Petroleum,714,227.4373841403252,64,61.5,10.54,4.06,2.84,0,0,432.33,3.8,206.98,639.31,2.63,8
JOB2266,2025-11-22,US,OEM,Standard Cylinder,Steel,Proportional,None,7,Petroleum,966,140.75294179976163,55,60.6,2.96,1.16,2.06,0,0,375.58,6.5,359.79,735.37,1.18,5
JOB2267,2025-11-23,India,Fleet,Standard Cylinder,Composite,Proportional,None,15,Petroleum,757,116.4411742563654,41,60.6,2.66,1.05,3.14,0,0,278.8,2.8,97.13,375.93,2.18,10
JOB2268,2025-11-24,US,OEM,Heavy-Duty Cylinder,Aluminum,Proportional,None,15,Petroleum,804,163.10833624798053,58,59.5,6.6,2.67,1.73,0,0,295.67,5.1,278.59,574.25,2.64,9
JOB2269,2025-11-25,EU,OEM,Heavy-Duty Cylinder,Aluminum,On/Off,Basic,15,Petroleum,737,184.55259665333458,40,58.7,6.46,2.67,3.83,0,0,314.81,8.8,482.37,797.18,1.61,5
JOB2270,2025-11-26,EU,OEM,Standard Cylinder,Steel,Proportional,Basic,25,Petroleum,827,166.4187963243619,79,58.6,7.4,3.06,3.41,0,1,423.11,8.7,479.88,902.99,1.85,7
JOB2271,2025-11-27,US,Dealer,Standard Cylinder,Steel,Proportional,Basic,25,Petroleum,720,241.35900546405327,47,59.2,5.97,2.44,2.96,0,0,215.34,6.3,346.01,561.34,2.39,7
JOB2272,2025-11-28,India,OEM,Standard Cylinder,Steel,Proportional,None,25,Biodegradable,1191,177.78460150722577,71,59.2,4.76,1.94,3.24,1,0,446.14,5.9,204.8,650.93,3.9,5
JOB2273,2025-11-29,US,OEM,Heavy-Duty Cylinder,Steel,Proportional,IoT,22,Biodegradable,1241,174.17667846368332,54,67.2,7.75,2.54,2.44,0,0,140.95,4.7,255.94,396.89,3.1,10
JOB2274,2025-11-30,US,Fleet,Standard Cylinder,Composite,Servo,Basic,15,Petroleum,732,260.0,52,63.9,7.11,2.56,1.97,0,0,311.98,3.2,174.78,486.76,2.84,4
JOB2275,2025-12-01,US,Dealer,Heavy-Duty Cylinder,Steel,On/Off,Basic,10,Petroleum,967,139.59251875471034,55,60.2,4.12,1.64,3.22,0,0,535.99,6.4,354.17,890.15,1.65,4
JOB2276,2025-12-02,US,OEM,Heavy-Duty Cylinder,Aluminum,On/Off,None,10,Petroleum,1021,200.41627818280176,34,58.9,5.86,2.41,3.19,0,1,171.17,5.6,309.77,480.94,2.34,9
JOB2277,2025-12-03,US,OEM,Heavy-Duty Cylinder,Steel,Proportional,Basic,25,Petroleum,750,136.04975497354417,53,61.6,4.4,1.69,2.05,1,0,114.66,3.6,199.37,314.03,1.76,11
JOB2278,2025-12-04,Middle East,OEM,Standard Cylinder,Steel,Proportional,None,10,Biodegradable,1411,137.98411911184422,77,60.8,4.34,1.7,2.53,0,0,227.45,6.5,227.56,455.0,2.39,6
JOB2279,2025-12-05,US,OEM,Standard Cylinder,Aluminum,On/Off,Basic,15,Petroleum,781,126.36787538554786,65,59.1,4.29,1.76,3.96,1,0,439.75,3.3,184.2,623.95,1.72,8
JOB2280,2025-12-06,EU,Fleet,Standard Cylinder,Steel,Proportional,IoT,12,Petroleum,843,208.219885750551,66,67.5,5.95,1.93,3.44,0,0,502.5,4.0,221.65,724.15,1.49,7
JOB2281,2025-12-07,Middle East,OEM,Heavy-Duty Cylinder,Steel,Proportional,None,10,Petroleum,1043,122.06215205326114,61,59.0,4.8,1.97,2.27,0,0,212.14,5.1,178.8,390.94,2.64,8
JOB2282,2025-12-08,India,Fleet,Heavy-Duty Cylinder,Steel,Proportional,None,10,Biodegradable,1319,184.98731725819772,67,59.8,6.79,2.73,2.32,0,0,199.68,6.7,234.11,433.79,5.57,10
JOB2283,2025-12-09,EU,OEM,Heavy-Duty Cylinder,Steel,On/Off,IoT,12,Petroleum,776,197.77563021514476,90,57.5,13.96,5.93,3.62,0,1,437.22,4.7,260.95,698.17,3.49,16
JOB2284,2025-12-10,US,Dealer,Standard Cylinder,Aluminum,Proportional,Basic,15,Petroleum,756,202.53107544483984,64,64.9,6.63,2.33,3.39,0,0,95.65,8.0,438.85,534.5,2.65,7
JOB2285,2025-12-11,India,OEM,Heavy-Duty Cylinder,Steel,On/Off,None,15,Petroleum,747,153.8132907500626,53,58.8,5.8,2.39,3.79,0,1,509.04,2.6,91.93,600.97,4.76,8
JOB2286,2025-12-12,US,Fleet,Heavy-Duty Cylinder,Composite,Servo,Basic,10,Petroleum,979,195.81110096189806,27,68.4,4.21,1.33,2.39,0,0,462.75,6.1,336.33,799.08,1.68,6
JOB2287,2025-12-13,India,OEM,Standard Cylinder,Steel,On/Off,Basic,10,Biodegradable,1417,133.22024222248223,62,60.5,4.8,1.9,2.69,0,0,569.71,7.9,274.91,844.62,3.94,6
JOB2288,2025-12-14,Middle East,Fleet,Standard Cylinder,Steel,Proportional,None,15,Biodegradable,1157,171.07430624300156,68,59.1,5.98,2.44,3.99,0,0,281.71,1.2,42.16,323.87,3.29,14
JOB2289,2025-12-15,India,OEM,Standard Cylinder,Steel,Proportional,None,25,Petroleum,781,171.38071230385373,84,65.4,7.67,2.66,4.6,1,0,395.23,4.6,160.97,556.2,6.29,6
JOB2290,2025-12-16,Middle East,Fleet,Heavy-Duty Cylinder,Steel,Proportional,None,10,Petroleum,941,158.84139944329797,68,60.2,7.34,2.92,1.88,0,0,364.68,10.3,361.01,725.69,4.04,5
JOB2291,2025-12-17,US,OEM,Standard Cylinder,Aluminum,Proportional,IoT,12,Petroleum,800,183.98132058567123,64,66.3,6.41,2.16,2.6,0,0,290.23,4.1,223.86,514.09,2.56,6
JOB2292,2025-12-18,India,OEM,Heavy-Duty Cylinder,Steel,Proportional,IoT,22,Petroleum,756,153.7105361535995,61,65.8,5.75,1.97,3.08,0,0,584.85,6.7,232.83,817.67,4.71,3
JOB2293,2025-12-19,Middle East,Dealer,Telescopic Cylinder,Aluminum,Proportional,None,15,Petroleum,803,225.73864106390943,59,62.7,9.21,3.43,2.47,1,0,124.32,6.0,208.65,332.97,5.07,10
JOB2294,2025-12-20,India,OEM,Telescopic Cylinder,Composite,Proportional,Basic,15,Petroleum,793,216.40839952585094,58,63.5,9.11,3.33,2.43,0,0,540.88,3.0,105.46,646.34,7.47,8
JOB2295,2025-12-21,EU,Fleet,Telescopic Cylinder,Steel,On/Off,None,15,Petroleum,735,100.0,60,54.6,4.59,2.08,4.18,0,0,393.41,7.3,399.76,793.17,1.15,8
JOB2296,2025-12-22,EU,Dealer,Telescopic Cylinder,Steel,On/Off,Basic,15,Petroleum,791,169.93316189535116,42,55.9,5.07,2.24,3.23,1,0,446.28,5.4,299.13,745.41,1.27,10
JOB2297,2025-12-23,US,Fleet,Heavy-Duty Cylinder,Steel,Proportional,None,10,Petroleum,964,122.2989054819567,67,57.5,6.11,2.6,2.45,0,0,291.44,7.0,385.14,676.58,2.44,5
JOB2298,2025-12-24,US,Fleet,Heavy-Duty Cylinder,Steel,Proportional,None,10,Petroleum,1087,224.1416898487078,56,61.0,7.22,2.82,2.75,0,0,347.29,3.7,201.79,549.08,2.89,6
JOB2299,2025-12-25,US,OEM,Heavy-Duty Cylinder,Steel,On/Off,Basic,10,Petroleum,996,184.39931092844373,46,61.9,6.16,2.35,3.06,0,0,566.68,8.7,479.16,1045.84,2.46,8
